D_train,D_test,ratio,mode,phase,base_seed,acc_pct_mean_over_retime_seeds,n_retime_seeds
30,30,1.0,hippo,recovery,1,82.15,3
30,30,1.0,hippo,recovery,2,87.9,3
30,30,1.0,hippo,recovery,3,84.333,3
30,30,1.0,hippo,recovery,4,84.75,3
30,30,1.0,hippo,recovery,5,84.35,3
30,30,1.0,hippo,recovery,6,87.05,3
30,30,1.0,hippo,recovery,7,85.667,3
30,30,1.0,hippo,recovery,8,85.35,3
30,30,1.0,hippo,recovery,9,83.883,3
30,30,1.0,hippo,recovery,72,85.383,3
30,30,1.0,hippo,transfer,1,84.283,3
30,30,1.0,hippo,transfer,2,89.517,3
30,30,1.0,hippo,transfer,3,86.633,3
30,30,1.0,hippo,transfer,4,84.383,3
30,30,1.0,hippo,transfer,5,86.3,3
30,30,1.0,hippo,transfer,6,88.3,3
30,30,1.0,hippo,transfer,7,86.533,3
30,30,1.0,hippo,transfer,8,87.133,3
30,30,1.0,hippo,transfer,9,85.683,3
30,30,1.0,hippo,transfer,72,86.867,3
30,30,1.0,rand_complex,recovery,1,81.683,3
30,30,1.0,rand_complex,recovery,2,83.567,3
30,30,1.0,rand_complex,recovery,3,80.95,3
30,30,1.0,rand_complex,recovery,4,81.667,3
30,30,1.0,rand_complex,recovery,5,81.55,3
30,30,1.0,rand_complex,recovery,6,81.067,3
30,30,1.0,rand_complex,recovery,7,85.117,3
30,30,1.0,rand_complex,recovery,8,82.533,3
30,30,1.0,rand_complex,recovery,9,83.117,3
30,30,1.0,rand_complex,recovery,72,83.3,3
30,30,1.0,rand_complex,transfer,1,85.033,3
30,30,1.0,rand_complex,transfer,2,87.533,3
30,30,1.0,rand_complex,transfer,3,83.6,3
30,30,1.0,rand_complex,transfer,4,84.4,3
30,30,1.0,rand_complex,transfer,5,83.733,3
30,30,1.0,rand_complex,transfer,6,84.8,3
30,30,1.0,rand_complex,transfer,7,86.817,3
30,30,1.0,rand_complex,transfer,8,86.0,3
30,30,1.0,rand_complex,transfer,9,86.117,3
30,30,1.0,rand_complex,transfer,72,85.567,3
30,40,1.3333,hippo,recovery,1,77.4,3
30,40,1.3333,hippo,recovery,2,86.017,3
30,40,1.3333,hippo,recovery,3,81.45,3
30,40,1.3333,hippo,recovery,4,82.283,3
30,40,1.3333,hippo,recovery,5,82.383,3
30,40,1.3333,hippo,recovery,6,84.4,3
30,40,1.3333,hippo,recovery,7,82.733,3
30,40,1.3333,hippo,recovery,8,81.25,3
30,40,1.3333,hippo,recovery,9,83.6,3
30,40,1.3333,hippo,recovery,72,81.833,3
30,40,1.3333,hippo,transfer,1,77.217,3
30,40,1.3333,hippo,transfer,2,86.283,3
30,40,1.3333,hippo,transfer,3,83.183,3
30,40,1.3333,hippo,transfer,4,80.883,3
30,40,1.3333,hippo,transfer,5,83.417,3
30,40,1.3333,hippo,transfer,6,83.783,3
30,40,1.3333,hippo,transfer,7,80.867,3
30,40,1.3333,hippo,transfer,8,80.533,3
30,40,1.3333,hippo,transfer,9,83.5,3
30,40,1.3333,hippo,transfer,72,81.917,3
30,40,1.3333,rand_complex,recovery,1,80.433,3
30,40,1.3333,rand_complex,recovery,2,82.067,3
30,40,1.3333,rand_complex,recovery,3,79.883,3
30,40,1.3333,rand_complex,recovery,4,78.85,3
30,40,1.3333,rand_complex,recovery,5,79.267,3
30,40,1.3333,rand_complex,recovery,6,81.05,3
30,40,1.3333,rand_complex,recovery,7,83.983,3
30,40,1.3333,rand_complex,recovery,8,81.917,3
30,40,1.3333,rand_complex,recovery,9,82.533,3
30,40,1.3333,rand_complex,recovery,72,82.183,3
30,40,1.3333,rand_complex,transfer,1,83.467,3
30,40,1.3333,rand_complex,transfer,2,85.567,3
30,40,1.3333,rand_complex,transfer,3,80.633,3
30,40,1.3333,rand_complex,transfer,4,80.583,3
30,40,1.3333,rand_complex,transfer,5,82.0,3
30,40,1.3333,rand_complex,transfer,6,83.8,3
30,40,1.3333,rand_complex,transfer,7,85.717,3
30,40,1.3333,rand_complex,transfer,8,84.383,3
30,40,1.3333,rand_complex,transfer,9,81.933,3
30,40,1.3333,rand_complex,transfer,72,85.05,3
30,50,1.6667,hippo,recovery,1,73.267,3
30,50,1.6667,hippo,recovery,2,83.183,3
30,50,1.6667,hippo,recovery,3,77.333,3
30,50,1.6667,hippo,recovery,4,80.383,3
30,50,1.6667,hippo,recovery,5,80.6,3
30,50,1.6667,hippo,recovery,6,81.933,3
30,50,1.6667,hippo,recovery,7,79.3,3
30,50,1.6667,hippo,recovery,8,81.017,3
30,50,1.6667,hippo,recovery,9,82.6,3
30,50,1.6667,hippo,recovery,72,80.183,3
30,50,1.6667,hippo,transfer,1,65.067,3
30,50,1.6667,hippo,transfer,2,81.733,3
30,50,1.6667,hippo,transfer,3,79.883,3
30,50,1.6667,hippo,transfer,4,75.683,3
30,50,1.6667,hippo,transfer,5,79.817,3
30,50,1.6667,hippo,transfer,6,77.367,3
30,50,1.6667,hippo,transfer,7,75.767,3
30,50,1.6667,hippo,transfer,8,69.217,3
30,50,1.6667,hippo,transfer,9,83.933,3
30,50,1.6667,hippo,transfer,72,74.65,3
30,50,1.6667,rand_complex,recovery,1,79.333,3
30,50,1.6667,rand_complex,recovery,2,79.817,3
30,50,1.6667,rand_complex,recovery,3,76.5,3
30,50,1.6667,rand_complex,recovery,4,74.483,3
30,50,1.6667,rand_complex,recovery,5,76.85,3
30,50,1.6667,rand_complex,recovery,6,79.567,3
30,50,1.6667,rand_complex,recovery,7,80.233,3
30,50,1.6667,rand_complex,recovery,8,80.2,3
30,50,1.6667,rand_complex,recovery,9,77.767,3
30,50,1.6667,rand_complex,recovery,72,80.25,3
30,50,1.6667,rand_complex,transfer,1,79.483,3
30,50,1.6667,rand_complex,transfer,2,79.75,3
30,50,1.6667,rand_complex,transfer,3,76.6,3
30,50,1.6667,rand_complex,transfer,4,71.733,3
30,50,1.6667,rand_complex,transfer,5,77.75,3
30,50,1.6667,rand_complex,transfer,6,81.35,3
30,50,1.6667,rand_complex,transfer,7,81.483,3
30,50,1.6667,rand_complex,transfer,8,81.183,3
30,50,1.6667,rand_complex,transfer,9,74.067,3
30,50,1.6667,rand_complex,transfer,72,81.5,3
30,60,2.0,hippo,recovery,1,70.55,3
30,60,2.0,hippo,recovery,2,82.5,3
30,60,2.0,hippo,recovery,3,73.233,3
30,60,2.0,hippo,recovery,4,77.767,3
30,60,2.0,hippo,recovery,5,80.0,3
30,60,2.0,hippo,recovery,6,79.867,3
30,60,2.0,hippo,recovery,7,75.433,3
30,60,2.0,hippo,recovery,8,77.3,3
30,60,2.0,hippo,recovery,9,83.85,3
30,60,2.0,hippo,recovery,72,77.167,3
30,60,2.0,hippo,transfer,1,49.667,3
30,60,2.0,hippo,transfer,2,70.733,3
30,60,2.0,hippo,transfer,3,72.5,3
30,60,2.0,hippo,transfer,4,70.05,3
30,60,2.0,hippo,transfer,5,74.533,3
30,60,2.0,hippo,transfer,6,70.717,3
30,60,2.0,hippo,transfer,7,68.283,3
30,60,2.0,hippo,transfer,8,59.65,3
30,60,2.0,hippo,transfer,9,84.65,3
30,60,2.0,hippo,transfer,72,64.883,3
30,60,2.0,rand_complex,recovery,1,77.8,3
30,60,2.0,rand_complex,recovery,2,75.433,3
30,60,2.0,rand_complex,recovery,3,74.6,3
30,60,2.0,rand_complex,recovery,4,69.65,3
30,60,2.0,rand_complex,recovery,5,75.017,3
30,60,2.0,rand_complex,recovery,6,79.567,3
30,60,2.0,rand_complex,recovery,7,78.133,3
30,60,2.0,rand_complex,recovery,8,78.2,3
30,60,2.0,rand_complex,recovery,9,74.633,3
30,60,2.0,rand_complex,recovery,72,77.383,3
30,60,2.0,rand_complex,transfer,1,72.383,3
30,60,2.0,rand_complex,transfer,2,73.417,3
30,60,2.0,rand_complex,transfer,3,70.15,3
30,60,2.0,rand_complex,transfer,4,58.467,3
30,60,2.0,rand_complex,transfer,5,70.283,3
30,60,2.0,rand_complex,transfer,6,76.417,3
30,60,2.0,rand_complex,transfer,7,74.0,3
30,60,2.0,rand_complex,transfer,8,75.917,3
30,60,2.0,rand_complex,transfer,9,61.433,3
30,60,2.0,rand_complex,transfer,72,73.067,3
30,70,2.3333,hippo,recovery,1,70.933,3
30,70,2.3333,hippo,recovery,2,80.183,3
30,70,2.3333,hippo,recovery,3,74.15,3
30,70,2.3333,hippo,recovery,4,74.683,3
30,70,2.3333,hippo,recovery,5,76.383,3
30,70,2.3333,hippo,recovery,6,78.167,3
30,70,2.3333,hippo,recovery,7,70.35,3
30,70,2.3333,hippo,recovery,8,76.267,3
30,70,2.3333,hippo,recovery,9,81.6,3
30,70,2.3333,hippo,recovery,72,76.017,3
30,70,2.3333,hippo,transfer,1,39.383,3
30,70,2.3333,hippo,transfer,2,60.017,3
30,70,2.3333,hippo,transfer,3,63.917,3
30,70,2.3333,hippo,transfer,4,64.25,3
30,70,2.3333,hippo,transfer,5,68.05,3
30,70,2.3333,hippo,transfer,6,70.267,3
30,70,2.3333,hippo,transfer,7,60.933,3
30,70,2.3333,hippo,transfer,8,60.617,3
30,70,2.3333,hippo,transfer,9,83.567,3
30,70,2.3333,hippo,transfer,72,56.867,3
30,70,2.3333,rand_complex,recovery,1,74.0,3
30,70,2.3333,rand_complex,recovery,2,68.533,3
30,70,2.3333,rand_complex,recovery,3,65.533,3
30,70,2.3333,rand_complex,recovery,4,62.3,3
30,70,2.3333,rand_complex,recovery,5,69.283,3
30,70,2.3333,rand_complex,recovery,6,76.217,3
30,70,2.3333,rand_complex,recovery,7,71.217,3
30,70,2.3333,rand_complex,recovery,8,72.05,3
30,70,2.3333,rand_complex,recovery,9,68.867,3
30,70,2.3333,rand_complex,recovery,72,72.683,3
30,70,2.3333,rand_complex,transfer,1,62.317,3
30,70,2.3333,rand_complex,transfer,2,62.267,3
30,70,2.3333,rand_complex,transfer,3,58.767,3
30,70,2.3333,rand_complex,transfer,4,43.933,3
30,70,2.3333,rand_complex,transfer,5,60.0,3
30,70,2.3333,rand_complex,transfer,6,69.85,3
30,70,2.3333,rand_complex,transfer,7,61.833,3
30,70,2.3333,rand_complex,transfer,8,69.25,3
30,70,2.3333,rand_complex,transfer,9,47.4,3
30,70,2.3333,rand_complex,transfer,72,60.033,3
30,80,2.6667,hippo,recovery,1,69.767,3
30,80,2.6667,hippo,recovery,2,79.417,3
30,80,2.6667,hippo,recovery,3,73.683,3
30,80,2.6667,hippo,recovery,4,73.533,3
30,80,2.6667,hippo,recovery,5,77.817,3
30,80,2.6667,hippo,recovery,6,78.283,3
30,80,2.6667,hippo,recovery,7,67.567,3
30,80,2.6667,hippo,recovery,8,76.433,3
30,80,2.6667,hippo,recovery,9,83.55,3
30,80,2.6667,hippo,recovery,72,76.35,3
30,80,2.6667,hippo,transfer,1,35.717,3
30,80,2.6667,hippo,transfer,2,55.933,3
30,80,2.6667,hippo,transfer,3,56.95,3
30,80,2.6667,hippo,transfer,4,58.567,3
30,80,2.6667,hippo,transfer,5,62.1,3
30,80,2.6667,hippo,transfer,6,73.567,3
30,80,2.6667,hippo,transfer,7,54.033,3
30,80,2.6667,hippo,transfer,8,65.333,3
30,80,2.6667,hippo,transfer,9,78.733,3
30,80,2.6667,hippo,transfer,72,54.267,3
30,80,2.6667,rand_complex,recovery,1,70.05,3
30,80,2.6667,rand_complex,recovery,2,66.433,3
30,80,2.6667,rand_complex,recovery,3,62.317,3
30,80,2.6667,rand_complex,recovery,4,57.9,3
30,80,2.6667,rand_complex,recovery,5,66.317,3
30,80,2.6667,rand_complex,recovery,6,75.95,3
30,80,2.6667,rand_complex,recovery,7,69.867,3
30,80,2.6667,rand_complex,recovery,8,69.867,3
30,80,2.6667,rand_complex,recovery,9,68.367,3
30,80,2.6667,rand_complex,recovery,72,68.433,3
30,80,2.6667,rand_complex,transfer,1,50.233,3
30,80,2.6667,rand_complex,transfer,2,51.117,3
30,80,2.6667,rand_complex,transfer,3,45.25,3
30,80,2.6667,rand_complex,transfer,4,36.717,3
30,80,2.6667,rand_complex,transfer,5,46.833,3
30,80,2.6667,rand_complex,transfer,6,61.45,3
30,80,2.6667,rand_complex,transfer,7,48.367,3
30,80,2.6667,rand_complex,transfer,8,58.683,3
30,80,2.6667,rand_complex,transfer,9,38.767,3
30,80,2.6667,rand_complex,transfer,72,45.683,3
30,90,3.0,hippo,recovery,1,53.017,3
30,90,3.0,hippo,recovery,2,75.95,3
30,90,3.0,hippo,recovery,3,64.4,3
30,90,3.0,hippo,recovery,4,70.75,3
30,90,3.0,hippo,recovery,5,74.317,3
30,90,3.0,hippo,recovery,6,77.033,3
30,90,3.0,hippo,recovery,7,61.883,3
30,90,3.0,hippo,recovery,8,73.8,3
30,90,3.0,hippo,recovery,9,79.067,3
30,90,3.0,hippo,recovery,72,74.317,3
30,90,3.0,hippo,transfer,1,34.717,3
30,90,3.0,hippo,transfer,2,57.183,3
30,90,3.0,hippo,transfer,3,52.5,3
30,90,3.0,hippo,transfer,4,54.7,3
30,90,3.0,hippo,transfer,5,57.417,3
30,90,3.0,hippo,transfer,6,74.817,3
30,90,3.0,hippo,transfer,7,50.267,3
30,90,3.0,hippo,transfer,8,62.4,3
30,90,3.0,hippo,transfer,9,72.3,3
30,90,3.0,hippo,transfer,72,53.683,3
30,90,3.0,rand_complex,recovery,1,69.783,3
30,90,3.0,rand_complex,recovery,2,61.983,3
30,90,3.0,rand_complex,recovery,3,56.567,3
30,90,3.0,rand_complex,recovery,4,55.7,3
30,90,3.0,rand_complex,recovery,5,62.567,3
30,90,3.0,rand_complex,recovery,6,71.983,3
30,90,3.0,rand_complex,recovery,7,67.933,3
30,90,3.0,rand_complex,recovery,8,66.0,3
30,90,3.0,rand_complex,recovery,9,59.233,3
30,90,3.0,rand_complex,recovery,72,64.45,3
30,90,3.0,rand_complex,transfer,1,40.65,3
30,90,3.0,rand_complex,transfer,2,45.05,3
30,90,3.0,rand_complex,transfer,3,36.65,3
30,90,3.0,rand_complex,transfer,4,35.75,3
30,90,3.0,rand_complex,transfer,5,38.65,3
30,90,3.0,rand_complex,transfer,6,52.333,3
30,90,3.0,rand_complex,transfer,7,40.65,3
30,90,3.0,rand_complex,transfer,8,50.6,3
30,90,3.0,rand_complex,transfer,9,35.783,3
30,90,3.0,rand_complex,transfer,72,39.117,3
30,100,3.3333,hippo,recovery,1,53.117,3
30,100,3.3333,hippo,recovery,2,75.567,3
30,100,3.3333,hippo,recovery,3,61.367,3
30,100,3.3333,hippo,recovery,4,67.933,3
30,100,3.3333,hippo,recovery,5,70.817,3
30,100,3.3333,hippo,recovery,6,76.383,3
30,100,3.3333,hippo,recovery,7,55.933,3
30,100,3.3333,hippo,recovery,8,73.667,3
30,100,3.3333,hippo,recovery,9,76.233,3
30,100,3.3333,hippo,recovery,72,74.783,3
30,100,3.3333,hippo,transfer,1,34.217,3
30,100,3.3333,hippo,transfer,2,57.383,3
30,100,3.3333,hippo,transfer,3,49.5,3
30,100,3.3333,hippo,transfer,4,50.7,3
30,100,3.3333,hippo,transfer,5,51.417,3
30,100,3.3333,hippo,transfer,6,73.55,3
30,100,3.3333,hippo,transfer,7,49.3,3
30,100,3.3333,hippo,transfer,8,52.333,3
30,100,3.3333,hippo,transfer,9,66.9,3
30,100,3.3333,hippo,transfer,72,51.967,3
30,100,3.3333,rand_complex,recovery,1,64.45,3
30,100,3.3333,rand_complex,recovery,2,57.15,3
30,100,3.3333,rand_complex,recovery,3,52.95,3
30,100,3.3333,rand_complex,recovery,4,35.4,3
30,100,3.3333,rand_complex,recovery,5,56.167,3
30,100,3.3333,rand_complex,recovery,6,65.45,3
30,100,3.3333,rand_complex,recovery,7,65.2,3
30,100,3.3333,rand_complex,recovery,8,65.6,3
30,100,3.3333,rand_complex,recovery,9,42.617,3
30,100,3.3333,rand_complex,recovery,72,62.467,3
30,100,3.3333,rand_complex,transfer,1,38.333,3
30,100,3.3333,rand_complex,transfer,2,40.533,3
30,100,3.3333,rand_complex,transfer,3,34.567,3
30,100,3.3333,rand_complex,transfer,4,34.817,3
30,100,3.3333,rand_complex,transfer,5,35.383,3
30,100,3.3333,rand_complex,transfer,6,44.067,3
30,100,3.3333,rand_complex,transfer,7,37.9,3
30,100,3.3333,rand_complex,transfer,8,45.567,3
30,100,3.3333,rand_complex,transfer,9,34.8,3
30,100,3.3333,rand_complex,transfer,72,37.75,3
30,110,3.6667,hippo,recovery,1,52.317,3
30,110,3.6667,hippo,recovery,2,72.15,3
30,110,3.6667,hippo,recovery,3,53.95,3
30,110,3.6667,hippo,recovery,4,64.617,3
30,110,3.6667,hippo,recovery,5,70.833,3
30,110,3.6667,hippo,recovery,6,74.583,3
30,110,3.6667,hippo,recovery,7,55.633,3
30,110,3.6667,hippo,recovery,8,73.633,3
30,110,3.6667,hippo,recovery,9,73.7,3
30,110,3.6667,hippo,recovery,72,74.967,3
30,110,3.6667,hippo,transfer,1,33.9,3
30,110,3.6667,hippo,transfer,2,57.05,3
30,110,3.6667,hippo,transfer,3,46.683,3
30,110,3.6667,hippo,transfer,4,48.617,3
30,110,3.6667,hippo,transfer,5,42.5,3
30,110,3.6667,hippo,transfer,6,73.55,3
30,110,3.6667,hippo,transfer,7,48.0,3
30,110,3.6667,hippo,transfer,8,44.083,3
30,110,3.6667,hippo,transfer,9,63.1,3
30,110,3.6667,hippo,transfer,72,53.6,3
30,110,3.6667,rand_complex,recovery,1,62.733,3
30,110,3.6667,rand_complex,recovery,2,54.55,3
30,110,3.6667,rand_complex,recovery,3,44.667,3
30,110,3.6667,rand_complex,recovery,4,33.467,3
30,110,3.6667,rand_complex,recovery,5,52.4,3
30,110,3.6667,rand_complex,recovery,6,58.667,3
30,110,3.6667,rand_complex,recovery,7,56.333,3
30,110,3.6667,rand_complex,recovery,8,65.95,3
30,110,3.6667,rand_complex,recovery,9,41.783,3
30,110,3.6667,rand_complex,recovery,72,58.717,3
30,110,3.6667,rand_complex,transfer,1,36.85,3
30,110,3.6667,rand_complex,transfer,2,38.283,3
30,110,3.6667,rand_complex,transfer,3,34.45,3
30,110,3.6667,rand_complex,transfer,4,34.25,3
30,110,3.6667,rand_complex,transfer,5,34.633,3
30,110,3.6667,rand_complex,transfer,6,39.083,3
30,110,3.6667,rand_complex,transfer,7,37.233,3
30,110,3.6667,rand_complex,transfer,8,42.4,3
30,110,3.6667,rand_complex,transfer,9,34.417,3
30,110,3.6667,rand_complex,transfer,72,36.833,3
30,120,4.0,hippo,recovery,1,43.25,3
30,120,4.0,hippo,recovery,2,71.917,3
30,120,4.0,hippo,recovery,3,49.333,3
30,120,4.0,hippo,recovery,4,61.683,3
30,120,4.0,hippo,recovery,5,71.35,3
30,120,4.0,hippo,recovery,6,74.017,3
30,120,4.0,hippo,recovery,7,56.167,3
30,120,4.0,hippo,recovery,8,70.667,3
30,120,4.0,hippo,recovery,9,68.9,3
30,120,4.0,hippo,recovery,72,74.217,3
30,120,4.0,hippo,transfer,1,33.617,3
30,120,4.0,hippo,transfer,2,55.133,3
30,120,4.0,hippo,transfer,3,44.75,3
30,120,4.0,hippo,transfer,4,47.267,3
30,120,4.0,hippo,transfer,5,35.817,3
30,120,4.0,hippo,transfer,6,73.783,3
30,120,4.0,hippo,transfer,7,43.0,3
30,120,4.0,hippo,transfer,8,39.483,3
30,120,4.0,hippo,transfer,9,58.817,3
30,120,4.0,hippo,transfer,72,59.417,3
30,120,4.0,rand_complex,recovery,1,61.733,3
30,120,4.0,rand_complex,recovery,2,52.333,3
30,120,4.0,rand_complex,recovery,3,39.1,3
30,120,4.0,rand_complex,recovery,4,33.317,3
30,120,4.0,rand_complex,recovery,5,47.6,3
30,120,4.0,rand_complex,recovery,6,48.35,3
30,120,4.0,rand_complex,recovery,7,59.167,3
30,120,4.0,rand_complex,recovery,8,59.017,3
30,120,4.0,rand_complex,recovery,9,40.0,3
30,120,4.0,rand_complex,recovery,72,57.9,3
30,120,4.0,rand_complex,transfer,1,35.8,3
30,120,4.0,rand_complex,transfer,2,37.217,3
30,120,4.0,rand_complex,transfer,3,34.383,3
30,120,4.0,rand_complex,transfer,4,33.817,3
30,120,4.0,rand_complex,transfer,5,34.4,3
30,120,4.0,rand_complex,transfer,6,35.1,3
30,120,4.0,rand_complex,transfer,7,36.783,3
30,120,4.0,rand_complex,transfer,8,40.8,3
30,120,4.0,rand_complex,transfer,9,34.383,3
30,120,4.0,rand_complex,transfer,72,35.9,3
30,130,4.3333,hippo,recovery,1,45.033,3
30,130,4.3333,hippo,recovery,2,71.1,3
30,130,4.3333,hippo,recovery,3,47.95,3
30,130,4.3333,hippo,recovery,4,57.983,3
30,130,4.3333,hippo,recovery,5,59.6,3
30,130,4.3333,hippo,recovery,6,72.383,3
30,130,4.3333,hippo,recovery,7,54.967,3
30,130,4.3333,hippo,recovery,8,72.217,3
30,130,4.3333,hippo,recovery,9,66.6,3
30,130,4.3333,hippo,recovery,72,74.533,3
30,130,4.3333,hippo,transfer,1,33.3,3
30,130,4.3333,hippo,transfer,2,54.567,3
30,130,4.3333,hippo,transfer,3,41.8,3
30,130,4.3333,hippo,transfer,4,46.133,3
30,130,4.3333,hippo,transfer,5,34.533,3
30,130,4.3333,hippo,transfer,6,73.4,3
30,130,4.3333,hippo,transfer,7,37.817,3
30,130,4.3333,hippo,transfer,8,44.5,3
30,130,4.3333,hippo,transfer,9,54.95,3
30,130,4.3333,hippo,transfer,72,61.983,3
30,130,4.3333,rand_complex,recovery,1,44.617,3
30,130,4.3333,rand_complex,recovery,2,49.883,3
30,130,4.3333,rand_complex,recovery,3,36.117,3
30,130,4.3333,rand_complex,recovery,4,33.817,3
30,130,4.3333,rand_complex,recovery,5,39.633,3
30,130,4.3333,rand_complex,recovery,6,50.05,3
30,130,4.3333,rand_complex,recovery,7,59.083,3
30,130,4.3333,rand_complex,recovery,8,48.85,3
30,130,4.3333,rand_complex,recovery,9,38.083,3
30,130,4.3333,rand_complex,recovery,72,51.25,3
30,130,4.3333,rand_complex,transfer,1,34.767,3
30,130,4.3333,rand_complex,transfer,2,36.567,3
30,130,4.3333,rand_complex,transfer,3,34.433,3
30,130,4.3333,rand_complex,transfer,4,33.983,3
30,130,4.3333,rand_complex,transfer,5,34.367,3
30,130,4.3333,rand_complex,transfer,6,33.017,3
30,130,4.3333,rand_complex,transfer,7,35.883,3
30,130,4.3333,rand_complex,transfer,8,40.6,3
30,130,4.3333,rand_complex,transfer,9,34.133,3
30,130,4.3333,rand_complex,transfer,72,35.35,3
30,140,4.6667,hippo,recovery,1,46.867,3
30,140,4.6667,hippo,recovery,2,71.633,3
30,140,4.6667,hippo,recovery,3,54.917,3
30,140,4.6667,hippo,recovery,4,58.583,3
30,140,4.6667,hippo,recovery,5,61.35,3
30,140,4.6667,hippo,recovery,6,72.733,3
30,140,4.6667,hippo,recovery,7,53.9,3
30,140,4.6667,hippo,recovery,8,75.75,3
30,140,4.6667,hippo,recovery,9,67.15,3
30,140,4.6667,hippo,recovery,72,76.483,3
30,140,4.6667,hippo,transfer,1,34.067,3
30,140,4.6667,hippo,transfer,2,55.367,3
30,140,4.6667,hippo,transfer,3,38.117,3
30,140,4.6667,hippo,transfer,4,45.333,3
30,140,4.6667,hippo,transfer,5,35.1,3
30,140,4.6667,hippo,transfer,6,69.483,3
30,140,4.6667,hippo,transfer,7,33.667,3
30,140,4.6667,hippo,transfer,8,46.817,3
30,140,4.6667,hippo,transfer,9,49.717,3
30,140,4.6667,hippo,transfer,72,58.933,3
30,140,4.6667,rand_complex,recovery,1,44.483,3
30,140,4.6667,rand_complex,recovery,2,45.267,3
30,140,4.6667,rand_complex,recovery,3,34.783,3
30,140,4.6667,rand_complex,recovery,4,33.2,3
30,140,4.6667,rand_complex,recovery,5,35.533,3
30,140,4.6667,rand_complex,recovery,6,48.95,3
30,140,4.6667,rand_complex,recovery,7,56.55,3
30,140,4.6667,rand_complex,recovery,8,48.55,3
30,140,4.6667,rand_complex,recovery,9,36.883,3
30,140,4.6667,rand_complex,recovery,72,47.333,3
30,140,4.6667,rand_complex,transfer,1,35.1,3
30,140,4.6667,rand_complex,transfer,2,36.217,3
30,140,4.6667,rand_complex,transfer,3,34.583,3
30,140,4.6667,rand_complex,transfer,4,32.05,3
30,140,4.6667,rand_complex,transfer,5,34.467,3
30,140,4.6667,rand_complex,transfer,6,32.933,3
30,140,4.6667,rand_complex,transfer,7,35.433,3
30,140,4.6667,rand_complex,transfer,8,40.65,3
30,140,4.6667,rand_complex,transfer,9,33.75,3
30,140,4.6667,rand_complex,transfer,72,35.3,3
30,150,5.0,hippo,recovery,1,44.667,3
30,150,5.0,hippo,recovery,2,71.117,3
30,150,5.0,hippo,recovery,3,58.617,3
30,150,5.0,hippo,recovery,4,52.067,3
30,150,5.0,hippo,recovery,5,60.583,3
30,150,5.0,hippo,recovery,6,72.6,3
30,150,5.0,hippo,recovery,7,55.717,3
30,150,5.0,hippo,recovery,8,76.75,3
30,150,5.0,hippo,recovery,9,64.633,3
30,150,5.0,hippo,recovery,72,76.517,3
30,150,5.0,hippo,transfer,1,35.567,3
30,150,5.0,hippo,transfer,2,55.55,3
30,150,5.0,hippo,transfer,3,35.667,3
30,150,5.0,hippo,transfer,4,44.217,3
30,150,5.0,hippo,transfer,5,36.267,3
30,150,5.0,hippo,transfer,6,66.033,3
30,150,5.0,hippo,transfer,7,32.617,3
30,150,5.0,hippo,transfer,8,47.45,3
30,150,5.0,hippo,transfer,9,45.15,3
30,150,5.0,hippo,transfer,72,51.517,3
30,150,5.0,rand_complex,recovery,1,44.833,3
30,150,5.0,rand_complex,recovery,2,42.367,3
30,150,5.0,rand_complex,recovery,3,34.55,3
30,150,5.0,rand_complex,recovery,4,41.983,3
30,150,5.0,rand_complex,recovery,5,33.5,3
30,150,5.0,rand_complex,recovery,6,47.317,3
30,150,5.0,rand_complex,recovery,7,52.217,3
30,150,5.0,rand_complex,recovery,8,46.917,3
30,150,5.0,rand_complex,recovery,9,36.233,3
30,150,5.0,rand_complex,recovery,72,40.467,3
30,150,5.0,rand_complex,transfer,1,35.65,3
30,150,5.0,rand_complex,transfer,2,35.583,3
30,150,5.0,rand_complex,transfer,3,34.517,3
30,150,5.0,rand_complex,transfer,4,34.067,3
30,150,5.0,rand_complex,transfer,5,34.333,3
30,150,5.0,rand_complex,transfer,6,33.1,3
30,150,5.0,rand_complex,transfer,7,35.067,3
30,150,5.0,rand_complex,transfer,8,39.8,3
30,150,5.0,rand_complex,transfer,9,33.75,3
30,150,5.0,rand_complex,transfer,72,34.317,3
30,160,5.3333,hippo,recovery,1,45.133,3
30,160,5.3333,hippo,recovery,2,68.983,3
30,160,5.3333,hippo,recovery,3,63.817,3
30,160,5.3333,hippo,recovery,4,46.483,3
30,160,5.3333,hippo,recovery,5,60.117,3
30,160,5.3333,hippo,recovery,6,69.9,3
30,160,5.3333,hippo,recovery,7,58.5,3
30,160,5.3333,hippo,recovery,8,79.083,3
30,160,5.3333,hippo,recovery,9,59.0,3
30,160,5.3333,hippo,recovery,72,74.533,3
30,160,5.3333,hippo,transfer,1,36.95,3
30,160,5.3333,hippo,transfer,2,50.4,3
30,160,5.3333,hippo,transfer,3,34.883,3
30,160,5.3333,hippo,transfer,4,43.8,3
30,160,5.3333,hippo,transfer,5,35.833,3
30,160,5.3333,hippo,transfer,6,63.817,3
30,160,5.3333,hippo,transfer,7,34.183,3
30,160,5.3333,hippo,transfer,8,48.3,3
30,160,5.3333,hippo,transfer,9,43.8,3
30,160,5.3333,hippo,transfer,72,49.283,3
30,160,5.3333,rand_complex,recovery,1,33.583,3
30,160,5.3333,rand_complex,recovery,2,45.767,3
30,160,5.3333,rand_complex,recovery,3,34.25,3
30,160,5.3333,rand_complex,recovery,4,36.483,3
30,160,5.3333,rand_complex,recovery,5,33.6,3
30,160,5.3333,rand_complex,recovery,6,48.033,3
30,160,5.3333,rand_complex,recovery,7,53.983,3
30,160,5.3333,rand_complex,recovery,8,50.133,3
30,160,5.3333,rand_complex,recovery,9,35.167,3
30,160,5.3333,rand_complex,recovery,72,34.867,3
30,160,5.3333,rand_complex,transfer,1,35.1,3
30,160,5.3333,rand_complex,transfer,2,34.883,3
30,160,5.3333,rand_complex,transfer,3,34.567,3
30,160,5.3333,rand_complex,transfer,4,30.617,3
30,160,5.3333,rand_complex,transfer,5,34.167,3
30,160,5.3333,rand_complex,transfer,6,33.217,3
30,160,5.3333,rand_complex,transfer,7,34.617,3
30,160,5.3333,rand_complex,transfer,8,37.55,3
30,160,5.3333,rand_complex,transfer,9,33.633,3
30,160,5.3333,rand_complex,transfer,72,34.183,3
30,170,5.6667,hippo,recovery,1,42.367,3
30,170,5.6667,hippo,recovery,2,70.617,3
30,170,5.6667,hippo,recovery,3,65.05,3
30,170,5.6667,hippo,recovery,4,45.7,3
30,170,5.6667,hippo,recovery,5,60.2,3
30,170,5.6667,hippo,recovery,6,68.95,3
30,170,5.6667,hippo,recovery,7,55.117,3
30,170,5.6667,hippo,recovery,8,82.7,3
30,170,5.6667,hippo,recovery,9,57.433,3
30,170,5.6667,hippo,recovery,72,69.683,3
30,170,5.6667,hippo,transfer,1,34.933,3
30,170,5.6667,hippo,transfer,2,43.933,3
30,170,5.6667,hippo,transfer,3,34.783,3
30,170,5.6667,hippo,transfer,4,43.567,3
30,170,5.6667,hippo,transfer,5,35.167,3
30,170,5.6667,hippo,transfer,6,62.917,3
30,170,5.6667,hippo,transfer,7,36.2,3
30,170,5.6667,hippo,transfer,8,47.883,3
30,170,5.6667,hippo,transfer,9,42.95,3
30,170,5.6667,hippo,transfer,72,49.95,3
30,170,5.6667,rand_complex,recovery,1,33.683,3
30,170,5.6667,rand_complex,recovery,2,42.65,3
30,170,5.6667,rand_complex,recovery,3,33.733,3
30,170,5.6667,rand_complex,recovery,4,33.867,3
30,170,5.6667,rand_complex,recovery,5,33.583,3
30,170,5.6667,rand_complex,recovery,6,38.667,3
30,170,5.6667,rand_complex,recovery,7,45.717,3
30,170,5.6667,rand_complex,recovery,8,49.567,3
30,170,5.6667,rand_complex,recovery,9,34.467,3
30,170,5.6667,rand_complex,recovery,72,33.7,3
30,170,5.6667,rand_complex,transfer,1,34.417,3
30,170,5.6667,rand_complex,transfer,2,34.2,3
30,170,5.6667,rand_complex,transfer,3,34.283,3
30,170,5.6667,rand_complex,transfer,4,27.633,3
30,170,5.6667,rand_complex,transfer,5,34.183,3
30,170,5.6667,rand_complex,transfer,6,33.433,3
30,170,5.6667,rand_complex,transfer,7,34.55,3
30,170,5.6667,rand_complex,transfer,8,35.6,3
30,170,5.6667,rand_complex,transfer,9,33.633,3
30,170,5.6667,rand_complex,transfer,72,34.2,3
30,180,6.0,hippo,recovery,1,36.717,3
30,180,6.0,hippo,recovery,2,68.417,3
30,180,6.0,hippo,recovery,3,58.367,3
30,180,6.0,hippo,recovery,4,46.25,3
30,180,6.0,hippo,recovery,5,62.183,3
30,180,6.0,hippo,recovery,6,65.533,3
30,180,6.0,hippo,recovery,7,57.583,3
30,180,6.0,hippo,recovery,8,83.083,3
30,180,6.0,hippo,recovery,9,56.2,3
30,180,6.0,hippo,recovery,72,71.233,3
30,180,6.0,hippo,transfer,1,34.333,3
30,180,6.0,hippo,transfer,2,47.833,3
30,180,6.0,hippo,transfer,3,35.2,3
30,180,6.0,hippo,transfer,4,43.333,3
30,180,6.0,hippo,transfer,5,36.367,3
30,180,6.0,hippo,transfer,6,62.017,3
30,180,6.0,hippo,transfer,7,35.083,3
30,180,6.0,hippo,transfer,8,52.117,3
30,180,6.0,hippo,transfer,9,41.333,3
30,180,6.0,hippo,transfer,72,49.45,3
30,180,6.0,rand_complex,recovery,1,33.783,3
30,180,6.0,rand_complex,recovery,2,40.167,3
30,180,6.0,rand_complex,recovery,3,32.767,3
30,180,6.0,rand_complex,recovery,4,37.167,3
30,180,6.0,rand_complex,recovery,5,33.7,3
30,180,6.0,rand_complex,recovery,6,44.633,3
30,180,6.0,rand_complex,recovery,7,39.133,3
30,180,6.0,rand_complex,recovery,8,38.683,3
30,180,6.0,rand_complex,recovery,9,34.25,3
30,180,6.0,rand_complex,recovery,72,33.967,3
30,180,6.0,rand_complex,transfer,1,34.467,3
30,180,6.0,rand_complex,transfer,2,34.533,3
30,180,6.0,rand_complex,transfer,3,34.233,3
30,180,6.0,rand_complex,transfer,4,28.917,3
30,180,6.0,rand_complex,transfer,5,34.083,3
30,180,6.0,rand_complex,transfer,6,33.583,3
30,180,6.0,rand_complex,transfer,7,34.617,3
30,180,6.0,rand_complex,transfer,8,34.35,3
30,180,6.0,rand_complex,transfer,9,33.733,3
30,180,6.0,rand_complex,transfer,72,34.383,3
30,190,6.3333,hippo,recovery,1,32.917,3
30,190,6.3333,hippo,recovery,2,66.717,3
30,190,6.3333,hippo,recovery,3,62.367,3
30,190,6.3333,hippo,recovery,4,44.85,3
30,190,6.3333,hippo,recovery,5,72.75,3
30,190,6.3333,hippo,recovery,6,63.033,3
30,190,6.3333,hippo,recovery,7,55.267,3
30,190,6.3333,hippo,recovery,8,75.55,3
30,190,6.3333,hippo,recovery,9,54.317,3
30,190,6.3333,hippo,recovery,72,69.817,3
30,190,6.3333,hippo,transfer,1,32.167,3
30,190,6.3333,hippo,transfer,2,54.2,3
30,190,6.3333,hippo,transfer,3,40.633,3
30,190,6.3333,hippo,transfer,4,43.267,3
30,190,6.3333,hippo,transfer,5,39.367,3
30,190,6.3333,hippo,transfer,6,57.7,3
30,190,6.3333,hippo,transfer,7,33.6,3
30,190,6.3333,hippo,transfer,8,50.333,3
30,190,6.3333,hippo,transfer,9,40.9,3
30,190,6.3333,hippo,transfer,72,48.5,3
30,190,6.3333,rand_complex,recovery,1,33.6,3
30,190,6.3333,rand_complex,recovery,2,35.067,3
30,190,6.3333,rand_complex,recovery,3,31.933,3
30,190,6.3333,rand_complex,recovery,4,36.283,3
30,190,6.3333,rand_complex,recovery,5,33.5,3
30,190,6.3333,rand_complex,recovery,6,45.867,3
30,190,6.3333,rand_complex,recovery,7,51.8,3
30,190,6.3333,rand_complex,recovery,8,40.233,3
30,190,6.3333,rand_complex,recovery,9,33.733,3
30,190,6.3333,rand_complex,recovery,72,33.75,3
30,190,6.3333,rand_complex,transfer,1,34.467,3
30,190,6.3333,rand_complex,transfer,2,34.75,3
30,190,6.3333,rand_complex,transfer,3,34.383,3
30,190,6.3333,rand_complex,transfer,4,29.833,3
30,190,6.3333,rand_complex,transfer,5,33.7,3
30,190,6.3333,rand_complex,transfer,6,33.7,3
30,190,6.3333,rand_complex,transfer,7,34.567,3
30,190,6.3333,rand_complex,transfer,8,34.017,3
30,190,6.3333,rand_complex,transfer,9,33.667,3
30,190,6.3333,rand_complex,transfer,72,34.433,3
30,200,6.6667,hippo,recovery,1,31.933,3
30,200,6.6667,hippo,recovery,2,67.717,3
30,200,6.6667,hippo,recovery,3,60.967,3
30,200,6.6667,hippo,recovery,4,44.083,3
30,200,6.6667,hippo,recovery,5,72.467,3
30,200,6.6667,hippo,recovery,6,65.967,3
30,200,6.6667,hippo,recovery,7,51.967,3
30,200,6.6667,hippo,recovery,8,73.967,3
30,200,6.6667,hippo,recovery,9,53.683,3
30,200,6.6667,hippo,recovery,72,73.25,3
30,200,6.6667,hippo,transfer,1,30.033,3
30,200,6.6667,hippo,transfer,2,56.45,3
30,200,6.6667,hippo,transfer,3,43.967,3
30,200,6.6667,hippo,transfer,4,43.25,3
30,200,6.6667,hippo,transfer,5,41.35,3
30,200,6.6667,hippo,transfer,6,55.4,3
30,200,6.6667,hippo,transfer,7,33.333,3
30,200,6.6667,hippo,transfer,8,45.25,3
30,200,6.6667,hippo,transfer,9,39.683,3
30,200,6.6667,hippo,transfer,72,50.15,3
30,200,6.6667,rand_complex,recovery,1,33.483,3
30,200,6.6667,rand_complex,recovery,2,36.0,3
30,200,6.6667,rand_complex,recovery,3,33.767,3
30,200,6.6667,rand_complex,recovery,4,37.483,3
30,200,6.6667,rand_complex,recovery,5,33.467,3
30,200,6.6667,rand_complex,recovery,6,35.4,3
30,200,6.6667,rand_complex,recovery,7,50.267,3
30,200,6.6667,rand_complex,recovery,8,37.867,3
30,200,6.6667,rand_complex,recovery,9,33.8,3
30,200,6.6667,rand_complex,recovery,72,33.45,3
30,200,6.6667,rand_complex,transfer,1,34.483,3
30,200,6.6667,rand_complex,transfer,2,34.5,3
30,200,6.6667,rand_complex,transfer,3,33.483,3
30,200,6.6667,rand_complex,transfer,4,31.383,3
30,200,6.6667,rand_complex,transfer,5,33.583,3
30,200,6.6667,rand_complex,transfer,6,33.833,3
30,200,6.6667,rand_complex,transfer,7,34.667,3
30,200,6.6667,rand_complex,transfer,8,33.967,3
30,200,6.6667,rand_complex,transfer,9,33.117,3
30,200,6.6667,rand_complex,transfer,72,34.417,3
60,70,1.1667,hippo,recovery,1,77.583,3
60,70,1.1667,hippo,recovery,2,84.833,3
60,70,1.1667,hippo,recovery,3,85.083,3
60,70,1.1667,hippo,recovery,4,79.317,3
60,70,1.1667,hippo,recovery,5,84.05,3
60,70,1.1667,hippo,recovery,6,83.4,3
60,70,1.1667,hippo,recovery,7,82.6,3
60,70,1.1667,hippo,recovery,8,79.883,3
60,70,1.1667,hippo,recovery,9,85.083,3
60,70,1.1667,hippo,recovery,72,81.967,3
60,70,1.1667,hippo,transfer,1,74.467,3
60,70,1.1667,hippo,transfer,2,84.883,3
60,70,1.1667,hippo,transfer,3,88.883,3
60,70,1.1667,hippo,transfer,4,79.833,3
60,70,1.1667,hippo,transfer,5,84.367,3
60,70,1.1667,hippo,transfer,6,85.433,3
60,70,1.1667,hippo,transfer,7,80.367,3
60,70,1.1667,hippo,transfer,8,79.15,3
60,70,1.1667,hippo,transfer,9,82.1,3
60,70,1.1667,hippo,transfer,72,79.45,3
60,70,1.1667,rand_complex,recovery,1,84.7,3
60,70,1.1667,rand_complex,recovery,2,83.733,3
60,70,1.1667,rand_complex,recovery,3,80.583,3
60,70,1.1667,rand_complex,recovery,4,78.633,3
60,70,1.1667,rand_complex,recovery,5,82.1,3
60,70,1.1667,rand_complex,recovery,6,82.067,3
60,70,1.1667,rand_complex,recovery,7,81.8,3
60,70,1.1667,rand_complex,recovery,8,82.45,3
60,70,1.1667,rand_complex,recovery,9,84.15,3
60,70,1.1667,rand_complex,recovery,72,83.767,3
60,70,1.1667,rand_complex,transfer,1,87.817,3
60,70,1.1667,rand_complex,transfer,2,78.583,3
60,70,1.1667,rand_complex,transfer,3,77.133,3
60,70,1.1667,rand_complex,transfer,4,77.55,3
60,70,1.1667,rand_complex,transfer,5,82.133,3
60,70,1.1667,rand_complex,transfer,6,84.633,3
60,70,1.1667,rand_complex,transfer,7,80.017,3
60,70,1.1667,rand_complex,transfer,8,84.667,3
60,70,1.1667,rand_complex,transfer,9,85.717,3
60,70,1.1667,rand_complex,transfer,72,85.383,3
60,80,1.3333,hippo,recovery,1,76.45,3
60,80,1.3333,hippo,recovery,2,85.85,3
60,80,1.3333,hippo,recovery,3,86.0,3
60,80,1.3333,hippo,recovery,4,79.883,3
60,80,1.3333,hippo,recovery,5,81.95,3
60,80,1.3333,hippo,recovery,6,83.367,3
60,80,1.3333,hippo,recovery,7,82.7,3
60,80,1.3333,hippo,recovery,8,79.033,3
60,80,1.3333,hippo,recovery,9,84.55,3
60,80,1.3333,hippo,recovery,72,82.967,3
60,80,1.3333,hippo,transfer,1,66.0,3
60,80,1.3333,hippo,transfer,2,80.433,3
60,80,1.3333,hippo,transfer,3,87.567,3
60,80,1.3333,hippo,transfer,4,76.383,3
60,80,1.3333,hippo,transfer,5,79.217,3
60,80,1.3333,hippo,transfer,6,80.95,3
60,80,1.3333,hippo,transfer,7,73.967,3
60,80,1.3333,hippo,transfer,8,69.833,3
60,80,1.3333,hippo,transfer,9,74.817,3
60,80,1.3333,hippo,transfer,72,72.117,3
60,80,1.3333,rand_complex,recovery,1,82.983,3
60,80,1.3333,rand_complex,recovery,2,84.4,3
60,80,1.3333,rand_complex,recovery,3,79.7,3
60,80,1.3333,rand_complex,recovery,4,75.9,3
60,80,1.3333,rand_complex,recovery,5,82.3,3
60,80,1.3333,rand_complex,recovery,6,80.283,3
60,80,1.3333,rand_complex,recovery,7,81.517,3
60,80,1.3333,rand_complex,recovery,8,81.767,3
60,80,1.3333,rand_complex,recovery,9,83.767,3
60,80,1.3333,rand_complex,recovery,72,83.083,3
60,80,1.3333,rand_complex,transfer,1,84.367,3
60,80,1.3333,rand_complex,transfer,2,71.683,3
60,80,1.3333,rand_complex,transfer,3,70.0,3
60,80,1.3333,rand_complex,transfer,4,70.533,3
60,80,1.3333,rand_complex,transfer,5,78.0,3
60,80,1.3333,rand_complex,transfer,6,82.667,3
60,80,1.3333,rand_complex,transfer,7,73.533,3
60,80,1.3333,rand_complex,transfer,8,81.3,3
60,80,1.3333,rand_complex,transfer,9,79.983,3
60,80,1.3333,rand_complex,transfer,72,81.617,3
60,90,1.5,hippo,recovery,1,70.617,3
60,90,1.5,hippo,recovery,2,83.033,3
60,90,1.5,hippo,recovery,3,84.617,3
60,90,1.5,hippo,recovery,4,76.95,3
60,90,1.5,hippo,recovery,5,79.067,3
60,90,1.5,hippo,recovery,6,80.283,3
60,90,1.5,hippo,recovery,7,82.1,3
60,90,1.5,hippo,recovery,8,71.317,3
60,90,1.5,hippo,recovery,9,80.75,3
60,90,1.5,hippo,recovery,72,80.95,3
60,90,1.5,hippo,transfer,1,58.783,3
60,90,1.5,hippo,transfer,2,75.0,3
60,90,1.5,hippo,transfer,3,84.5,3
60,90,1.5,hippo,transfer,4,72.233,3
60,90,1.5,hippo,transfer,5,70.333,3
60,90,1.5,hippo,transfer,6,75.8,3
60,90,1.5,hippo,transfer,7,71.75,3
60,90,1.5,hippo,transfer,8,55.9,3
60,90,1.5,hippo,transfer,9,69.017,3
60,90,1.5,hippo,transfer,72,66.45,3
60,90,1.5,rand_complex,recovery,1,81.383,3
60,90,1.5,rand_complex,recovery,2,81.617,3
60,90,1.5,rand_complex,recovery,3,74.3,3
60,90,1.5,rand_complex,recovery,4,70.55,3
60,90,1.5,rand_complex,recovery,5,79.333,3
60,90,1.5,rand_complex,recovery,6,78.9,3
60,90,1.5,rand_complex,recovery,7,75.583,3
60,90,1.5,rand_complex,recovery,8,79.517,3
60,90,1.5,rand_complex,recovery,9,77.467,3
60,90,1.5,rand_complex,recovery,72,81.517,3
60,90,1.5,rand_complex,transfer,1,78.933,3
60,90,1.5,rand_complex,transfer,2,63.9,3
60,90,1.5,rand_complex,transfer,3,59.4,3
60,90,1.5,rand_complex,transfer,4,60.867,3
60,90,1.5,rand_complex,transfer,5,72.233,3
60,90,1.5,rand_complex,transfer,6,78.283,3
60,90,1.5,rand_complex,transfer,7,65.317,3
60,90,1.5,rand_complex,transfer,8,76.483,3
60,90,1.5,rand_complex,transfer,9,71.567,3
60,90,1.5,rand_complex,transfer,72,75.117,3
60,100,1.6667,hippo,recovery,1,68.367,3
60,100,1.6667,hippo,recovery,2,79.95,3
60,100,1.6667,hippo,recovery,3,83.717,3
60,100,1.6667,hippo,recovery,4,76.3,3
60,100,1.6667,hippo,recovery,5,76.933,3
60,100,1.6667,hippo,recovery,6,79.65,3
60,100,1.6667,hippo,recovery,7,82.4,3
60,100,1.6667,hippo,recovery,8,70.867,3
60,100,1.6667,hippo,recovery,9,78.667,3
60,100,1.6667,hippo,recovery,72,80.917,3
60,100,1.6667,hippo,transfer,1,51.783,3
60,100,1.6667,hippo,transfer,2,68.85,3
60,100,1.6667,hippo,transfer,3,80.4,3
60,100,1.6667,hippo,transfer,4,67.567,3
60,100,1.6667,hippo,transfer,5,60.05,3
60,100,1.6667,hippo,transfer,6,70.833,3
60,100,1.6667,hippo,transfer,7,69.533,3
60,100,1.6667,hippo,transfer,8,41.817,3
60,100,1.6667,hippo,transfer,9,65.917,3
60,100,1.6667,hippo,transfer,72,62.183,3
60,100,1.6667,rand_complex,recovery,1,77.817,3
60,100,1.6667,rand_complex,recovery,2,79.1,3
60,100,1.6667,rand_complex,recovery,3,69.817,3
60,100,1.6667,rand_complex,recovery,4,67.4,3
60,100,1.6667,rand_complex,recovery,5,76.533,3
60,100,1.6667,rand_complex,recovery,6,75.483,3
60,100,1.6667,rand_complex,recovery,7,71.55,3
60,100,1.6667,rand_complex,recovery,8,77.033,3
60,100,1.6667,rand_complex,recovery,9,73.6,3
60,100,1.6667,rand_complex,recovery,72,76.083,3
60,100,1.6667,rand_complex,transfer,1,72.717,3
60,100,1.6667,rand_complex,transfer,2,54.117,3
60,100,1.6667,rand_complex,transfer,3,48.017,3
60,100,1.6667,rand_complex,transfer,4,48.667,3
60,100,1.6667,rand_complex,transfer,5,65.533,3
60,100,1.6667,rand_complex,transfer,6,71.983,3
60,100,1.6667,rand_complex,transfer,7,56.333,3
60,100,1.6667,rand_complex,transfer,8,71.933,3
60,100,1.6667,rand_complex,transfer,9,62.067,3
60,100,1.6667,rand_complex,transfer,72,67.917,3
60,110,1.8333,hippo,recovery,1,61.783,3
60,110,1.8333,hippo,recovery,2,76.75,3
60,110,1.8333,hippo,recovery,3,82.55,3
60,110,1.8333,hippo,recovery,4,74.3,3
60,110,1.8333,hippo,recovery,5,73.0,3
60,110,1.8333,hippo,recovery,6,77.3,3
60,110,1.8333,hippo,recovery,7,81.25,3
60,110,1.8333,hippo,recovery,8,72.3,3
60,110,1.8333,hippo,recovery,9,78.017,3
60,110,1.8333,hippo,recovery,72,80.75,3
60,110,1.8333,hippo,transfer,1,47.383,3
60,110,1.8333,hippo,transfer,2,63.15,3
60,110,1.8333,hippo,transfer,3,76.2,3
60,110,1.8333,hippo,transfer,4,64.05,3
60,110,1.8333,hippo,transfer,5,48.35,3
60,110,1.8333,hippo,transfer,6,67.583,3
60,110,1.8333,hippo,transfer,7,65.45,3
60,110,1.8333,hippo,transfer,8,35.617,3
60,110,1.8333,hippo,transfer,9,65.567,3
60,110,1.8333,hippo,transfer,72,61.05,3
60,110,1.8333,rand_complex,recovery,1,76.433,3
60,110,1.8333,rand_complex,recovery,2,76.883,3
60,110,1.8333,rand_complex,recovery,3,67.033,3
60,110,1.8333,rand_complex,recovery,4,65.0,3
60,110,1.8333,rand_complex,recovery,5,73.117,3
60,110,1.8333,rand_complex,recovery,6,73.1,3
60,110,1.8333,rand_complex,recovery,7,70.65,3
60,110,1.8333,rand_complex,recovery,8,74.633,3
60,110,1.8333,rand_complex,recovery,9,68.983,3
60,110,1.8333,rand_complex,recovery,72,69.867,3
60,110,1.8333,rand_complex,transfer,1,64.583,3
60,110,1.8333,rand_complex,transfer,2,45.183,3
60,110,1.8333,rand_complex,transfer,3,40.167,3
60,110,1.8333,rand_complex,transfer,4,40.317,3
60,110,1.8333,rand_complex,transfer,5,58.75,3
60,110,1.8333,rand_complex,transfer,6,64.883,3
60,110,1.8333,rand_complex,transfer,7,49.467,3
60,110,1.8333,rand_complex,transfer,8,66.517,3
60,110,1.8333,rand_complex,transfer,9,52.267,3
60,110,1.8333,rand_complex,transfer,72,57.2,3
60,120,2.0,hippo,recovery,1,53.4,3
60,120,2.0,hippo,recovery,2,73.633,3
60,120,2.0,hippo,recovery,3,81.167,3
60,120,2.0,hippo,recovery,4,70.433,3
60,120,2.0,hippo,recovery,5,71.617,3
60,120,2.0,hippo,recovery,6,76.783,3
60,120,2.0,hippo,recovery,7,79.9,3
60,120,2.0,hippo,recovery,8,74.15,3
60,120,2.0,hippo,recovery,9,76.433,3
60,120,2.0,hippo,recovery,72,79.317,3
60,120,2.0,hippo,transfer,1,45.2,3
60,120,2.0,hippo,transfer,2,57.683,3
60,120,2.0,hippo,transfer,3,72.1,3
60,120,2.0,hippo,transfer,4,60.2,3
60,120,2.0,hippo,transfer,5,42.267,3
60,120,2.0,hippo,transfer,6,63.35,3
60,120,2.0,hippo,transfer,7,61.5,3
60,120,2.0,hippo,transfer,8,38.533,3
60,120,2.0,hippo,transfer,9,65.683,3
60,120,2.0,hippo,transfer,72,59.217,3
60,120,2.0,rand_complex,recovery,1,72.35,3
60,120,2.0,rand_complex,recovery,2,69.85,3
60,120,2.0,rand_complex,recovery,3,67.067,3
60,120,2.0,rand_complex,recovery,4,63.017,3
60,120,2.0,rand_complex,recovery,5,71.217,3
60,120,2.0,rand_complex,recovery,6,70.717,3
60,120,2.0,rand_complex,recovery,7,68.35,3
60,120,2.0,rand_complex,recovery,8,73.167,3
60,120,2.0,rand_complex,recovery,9,57.95,3
60,120,2.0,rand_complex,recovery,72,67.167,3
60,120,2.0,rand_complex,transfer,1,55.45,3
60,120,2.0,rand_complex,transfer,2,39.15,3
60,120,2.0,rand_complex,transfer,3,36.867,3
60,120,2.0,rand_complex,transfer,4,35.6,3
60,120,2.0,rand_complex,transfer,5,51.483,3
60,120,2.0,rand_complex,transfer,6,57.5,3
60,120,2.0,rand_complex,transfer,7,46.1,3
60,120,2.0,rand_complex,transfer,8,59.85,3
60,120,2.0,rand_complex,transfer,9,45.717,3
60,120,2.0,rand_complex,transfer,72,48.117,3
60,130,2.1667,hippo,recovery,1,48.133,3
60,130,2.1667,hippo,recovery,2,69.5,3
60,130,2.1667,hippo,recovery,3,80.583,3
60,130,2.1667,hippo,recovery,4,67.45,3
60,130,2.1667,hippo,recovery,5,65.25,3
60,130,2.1667,hippo,recovery,6,76.033,3
60,130,2.1667,hippo,recovery,7,79.233,3
60,130,2.1667,hippo,recovery,8,72.7,3
60,130,2.1667,hippo,recovery,9,75.0,3
60,130,2.1667,hippo,recovery,72,78.65,3
60,130,2.1667,hippo,transfer,1,43.9,3
60,130,2.1667,hippo,transfer,2,54.467,3
60,130,2.1667,hippo,transfer,3,68.2,3
60,130,2.1667,hippo,transfer,4,57.617,3
60,130,2.1667,hippo,transfer,5,40.583,3
60,130,2.1667,hippo,transfer,6,60.1,3
60,130,2.1667,hippo,transfer,7,57.917,3
60,130,2.1667,hippo,transfer,8,43.5,3
60,130,2.1667,hippo,transfer,9,63.283,3
60,130,2.1667,hippo,transfer,72,56.633,3
60,130,2.1667,rand_complex,recovery,1,68.0,3
60,130,2.1667,rand_complex,recovery,2,66.533,3
60,130,2.1667,rand_complex,recovery,3,62.883,3
60,130,2.1667,rand_complex,recovery,4,61.117,3
60,130,2.1667,rand_complex,recovery,5,65.417,3
60,130,2.1667,rand_complex,recovery,6,65.433,3
60,130,2.1667,rand_complex,recovery,7,69.183,3
60,130,2.1667,rand_complex,recovery,8,65.95,3
60,130,2.1667,rand_complex,recovery,9,46.533,3
60,130,2.1667,rand_complex,recovery,72,63.433,3
60,130,2.1667,rand_complex,transfer,1,49.183,3
60,130,2.1667,rand_complex,transfer,2,35.367,3
60,130,2.1667,rand_complex,transfer,3,35.767,3
60,130,2.1667,rand_complex,transfer,4,34.667,3
60,130,2.1667,rand_complex,transfer,5,45.283,3
60,130,2.1667,rand_complex,transfer,6,49.8,3
60,130,2.1667,rand_complex,transfer,7,43.5,3
60,130,2.1667,rand_complex,transfer,8,53.0,3
60,130,2.1667,rand_complex,transfer,9,39.933,3
60,130,2.1667,rand_complex,transfer,72,43.967,3
60,140,2.3333,hippo,recovery,1,49.517,3
60,140,2.3333,hippo,recovery,2,64.383,3
60,140,2.3333,hippo,recovery,3,79.133,3
60,140,2.3333,hippo,recovery,4,65.5,3
60,140,2.3333,hippo,recovery,5,63.55,3
60,140,2.3333,hippo,recovery,6,76.733,3
60,140,2.3333,hippo,recovery,7,76.1,3
60,140,2.3333,hippo,recovery,8,72.35,3
60,140,2.3333,hippo,recovery,9,76.333,3
60,140,2.3333,hippo,recovery,72,79.767,3
60,140,2.3333,hippo,transfer,1,41.3,3
60,140,2.3333,hippo,transfer,2,54.55,3
60,140,2.3333,hippo,transfer,3,63.267,3
60,140,2.3333,hippo,transfer,4,55.6,3
60,140,2.3333,hippo,transfer,5,40.133,3
60,140,2.3333,hippo,transfer,6,61.183,3
60,140,2.3333,hippo,transfer,7,55.1,3
60,140,2.3333,hippo,transfer,8,45.883,3
60,140,2.3333,hippo,transfer,9,62.0,3
60,140,2.3333,hippo,transfer,72,56.367,3
60,140,2.3333,rand_complex,recovery,1,65.5,3
60,140,2.3333,rand_complex,recovery,2,61.0,3
60,140,2.3333,rand_complex,recovery,3,60.417,3
60,140,2.3333,rand_complex,recovery,4,55.883,3
60,140,2.3333,rand_complex,recovery,5,61.85,3
60,140,2.3333,rand_complex,recovery,6,62.467,3
60,140,2.3333,rand_complex,recovery,7,67.15,3
60,140,2.3333,rand_complex,recovery,8,62.05,3
60,140,2.3333,rand_complex,recovery,9,46.25,3
60,140,2.3333,rand_complex,recovery,72,62.883,3
60,140,2.3333,rand_complex,transfer,1,45.317,3
60,140,2.3333,rand_complex,transfer,2,34.033,3
60,140,2.3333,rand_complex,transfer,3,34.933,3
60,140,2.3333,rand_complex,transfer,4,34.133,3
60,140,2.3333,rand_complex,transfer,5,41.85,3
60,140,2.3333,rand_complex,transfer,6,43.167,3
60,140,2.3333,rand_complex,transfer,7,41.233,3
60,140,2.3333,rand_complex,transfer,8,47.6,3
60,140,2.3333,rand_complex,transfer,9,35.917,3
60,140,2.3333,rand_complex,transfer,72,42.7,3
60,150,2.5,hippo,recovery,1,47.9,3
60,150,2.5,hippo,recovery,2,59.167,3
60,150,2.5,hippo,recovery,3,74.733,3
60,150,2.5,hippo,recovery,4,61.717,3
60,150,2.5,hippo,recovery,5,57.35,3
60,150,2.5,hippo,recovery,6,74.7,3
60,150,2.5,hippo,recovery,7,74.3,3
60,150,2.5,hippo,recovery,8,67.433,3
60,150,2.5,hippo,recovery,9,73.417,3
60,150,2.5,hippo,recovery,72,81.2,3
60,150,2.5,hippo,transfer,1,38.0,3
60,150,2.5,hippo,transfer,2,57.0,3
60,150,2.5,hippo,transfer,3,57.3,3
60,150,2.5,hippo,transfer,4,53.5,3
60,150,2.5,hippo,transfer,5,38.817,3
60,150,2.5,hippo,transfer,6,62.167,3
60,150,2.5,hippo,transfer,7,50.8,3
60,150,2.5,hippo,transfer,8,45.6,3
60,150,2.5,hippo,transfer,9,59.183,3
60,150,2.5,hippo,transfer,72,58.967,3
60,150,2.5,rand_complex,recovery,1,64.1,3
60,150,2.5,rand_complex,recovery,2,58.567,3
60,150,2.5,rand_complex,recovery,3,59.183,3
60,150,2.5,rand_complex,recovery,4,44.5,3
60,150,2.5,rand_complex,recovery,5,57.583,3
60,150,2.5,rand_complex,recovery,6,58.95,3
60,150,2.5,rand_complex,recovery,7,65.85,3
60,150,2.5,rand_complex,recovery,8,60.417,3
60,150,2.5,rand_complex,recovery,9,50.083,3
60,150,2.5,rand_complex,recovery,72,58.683,3
60,150,2.5,rand_complex,transfer,1,42.167,3
60,150,2.5,rand_complex,transfer,2,33.55,3
60,150,2.5,rand_complex,transfer,3,34.7,3
60,150,2.5,rand_complex,transfer,4,34.183,3
60,150,2.5,rand_complex,transfer,5,42.017,3
60,150,2.5,rand_complex,transfer,6,39.2,3
60,150,2.5,rand_complex,transfer,7,38.717,3
60,150,2.5,rand_complex,transfer,8,43.617,3
60,150,2.5,rand_complex,transfer,9,33.4,3
60,150,2.5,rand_complex,transfer,72,41.733,3
60,160,2.6667,hippo,recovery,1,44.617,3
60,160,2.6667,hippo,recovery,2,62.417,3
60,160,2.6667,hippo,recovery,3,71.433,3
60,160,2.6667,hippo,recovery,4,58.233,3
60,160,2.6667,hippo,recovery,5,56.783,3
60,160,2.6667,hippo,recovery,6,75.783,3
60,160,2.6667,hippo,recovery,7,74.267,3
60,160,2.6667,hippo,recovery,8,65.8,3
60,160,2.6667,hippo,recovery,9,71.433,3
60,160,2.6667,hippo,recovery,72,78.6,3
60,160,2.6667,hippo,transfer,1,35.067,3
60,160,2.6667,hippo,transfer,2,57.0,3
60,160,2.6667,hippo,transfer,3,51.95,3
60,160,2.6667,hippo,transfer,4,52.567,3
60,160,2.6667,hippo,transfer,5,38.083,3
60,160,2.6667,hippo,transfer,6,63.95,3
60,160,2.6667,hippo,transfer,7,47.15,3
60,160,2.6667,hippo,transfer,8,37.583,3
60,160,2.6667,hippo,transfer,9,56.067,3
60,160,2.6667,hippo,transfer,72,59.983,3
60,160,2.6667,rand_complex,recovery,1,61.967,3
60,160,2.6667,rand_complex,recovery,2,56.883,3
60,160,2.6667,rand_complex,recovery,3,55.0,3
60,160,2.6667,rand_complex,recovery,4,41.883,3
60,160,2.6667,rand_complex,recovery,5,53.2,3
60,160,2.6667,rand_complex,recovery,6,53.067,3
60,160,2.6667,rand_complex,recovery,7,67.05,3
60,160,2.6667,rand_complex,recovery,8,49.433,3
60,160,2.6667,rand_complex,recovery,9,55.417,3
60,160,2.6667,rand_complex,recovery,72,57.833,3
60,160,2.6667,rand_complex,transfer,1,40.25,3
60,160,2.6667,rand_complex,transfer,2,33.433,3
60,160,2.6667,rand_complex,transfer,3,34.617,3
60,160,2.6667,rand_complex,transfer,4,34.183,3
60,160,2.6667,rand_complex,transfer,5,42.467,3
60,160,2.6667,rand_complex,transfer,6,35.983,3
60,160,2.6667,rand_complex,transfer,7,36.4,3
60,160,2.6667,rand_complex,transfer,8,40.017,3
60,160,2.6667,rand_complex,transfer,9,32.8,3
60,160,2.6667,rand_complex,transfer,72,39.817,3
60,170,2.8333,hippo,recovery,1,47.133,3
60,170,2.8333,hippo,recovery,2,64.8,3
60,170,2.8333,hippo,recovery,3,70.483,3
60,170,2.8333,hippo,recovery,4,54.433,3
60,170,2.8333,hippo,recovery,5,51.7,3
60,170,2.8333,hippo,recovery,6,80.017,3
60,170,2.8333,hippo,recovery,7,74.7,3
60,170,2.8333,hippo,recovery,8,67.233,3
60,170,2.8333,hippo,recovery,9,75.15,3
60,170,2.8333,hippo,recovery,72,75.383,3
60,170,2.8333,hippo,transfer,1,35.25,3
60,170,2.8333,hippo,transfer,2,55.067,3
60,170,2.8333,hippo,transfer,3,45.933,3
60,170,2.8333,hippo,transfer,4,51.867,3
60,170,2.8333,hippo,transfer,5,37.883,3
60,170,2.8333,hippo,transfer,6,66.633,3
60,170,2.8333,hippo,transfer,7,45.817,3
60,170,2.8333,hippo,transfer,8,36.15,3
60,170,2.8333,hippo,transfer,9,53.017,3
60,170,2.8333,hippo,transfer,72,58.617,3
60,170,2.8333,rand_complex,recovery,1,57.333,3
60,170,2.8333,rand_complex,recovery,2,55.617,3
60,170,2.8333,rand_complex,recovery,3,50.417,3
60,170,2.8333,rand_complex,recovery,4,38.517,3
60,170,2.8333,rand_complex,recovery,5,49.95,3
60,170,2.8333,rand_complex,recovery,6,49.6,3
60,170,2.8333,rand_complex,recovery,7,66.25,3
60,170,2.8333,rand_complex,recovery,8,46.733,3
60,170,2.8333,rand_complex,recovery,9,50.8,3
60,170,2.8333,rand_complex,recovery,72,55.867,3
60,170,2.8333,rand_complex,transfer,1,38.45,3
60,170,2.8333,rand_complex,transfer,2,33.433,3
60,170,2.8333,rand_complex,transfer,3,35.05,3
60,170,2.8333,rand_complex,transfer,4,34.1,3
60,170,2.8333,rand_complex,transfer,5,41.567,3
60,170,2.8333,rand_complex,transfer,6,34.567,3
60,170,2.8333,rand_complex,transfer,7,35.817,3
60,170,2.8333,rand_complex,transfer,8,36.367,3
60,170,2.8333,rand_complex,transfer,9,31.867,3
60,170,2.8333,rand_complex,transfer,72,37.633,3
60,180,3.0,hippo,recovery,1,48.5,3
60,180,3.0,hippo,recovery,2,64.017,3
60,180,3.0,hippo,recovery,3,69.667,3
60,180,3.0,hippo,recovery,4,50.167,3
60,180,3.0,hippo,recovery,5,50.55,3
60,180,3.0,hippo,recovery,6,80.733,3
60,180,3.0,hippo,recovery,7,75.6,3
60,180,3.0,hippo,recovery,8,68.367,3
60,180,3.0,hippo,recovery,9,74.233,3
60,180,3.0,hippo,recovery,72,75.983,3
60,180,3.0,hippo,transfer,1,35.267,3
60,180,3.0,hippo,transfer,2,53.083,3
60,180,3.0,hippo,transfer,3,43.617,3
60,180,3.0,hippo,transfer,4,51.267,3
60,180,3.0,hippo,transfer,5,37.433,3
60,180,3.0,hippo,transfer,6,73.95,3
60,180,3.0,hippo,transfer,7,43.483,3
60,180,3.0,hippo,transfer,8,40.133,3
60,180,3.0,hippo,transfer,9,51.4,3
60,180,3.0,hippo,transfer,72,54.35,3
60,180,3.0,rand_complex,recovery,1,54.133,3
60,180,3.0,rand_complex,recovery,2,54.017,3
60,180,3.0,rand_complex,recovery,3,48.017,3
60,180,3.0,rand_complex,recovery,4,39.417,3
60,180,3.0,rand_complex,recovery,5,43.25,3
60,180,3.0,rand_complex,recovery,6,47.7,3
60,180,3.0,rand_complex,recovery,7,61.35,3
60,180,3.0,rand_complex,recovery,8,45.95,3
60,180,3.0,rand_complex,recovery,9,49.25,3
60,180,3.0,rand_complex,recovery,72,55.533,3
60,180,3.0,rand_complex,transfer,1,38.25,3
60,180,3.0,rand_complex,transfer,2,33.433,3
60,180,3.0,rand_complex,transfer,3,35.667,3
60,180,3.0,rand_complex,transfer,4,34.25,3
60,180,3.0,rand_complex,transfer,5,40.15,3
60,180,3.0,rand_complex,transfer,6,34.017,3
60,180,3.0,rand_complex,transfer,7,35.317,3
60,180,3.0,rand_complex,transfer,8,34.483,3
60,180,3.0,rand_complex,transfer,9,32.433,3
60,180,3.0,rand_complex,transfer,72,35.7,3
60,190,3.1667,hippo,recovery,1,41.817,3
60,190,3.1667,hippo,recovery,2,62.567,3
60,190,3.1667,hippo,recovery,3,69.133,3
60,190,3.1667,hippo,recovery,4,48.217,3
60,190,3.1667,hippo,recovery,5,53.383,3
60,190,3.1667,hippo,recovery,6,79.35,3
60,190,3.1667,hippo,recovery,7,74.133,3
60,190,3.1667,hippo,recovery,8,64.45,3
60,190,3.1667,hippo,recovery,9,67.383,3
60,190,3.1667,hippo,recovery,72,74.817,3
60,190,3.1667,hippo,transfer,1,34.183,3
60,190,3.1667,hippo,transfer,2,51.2,3
60,190,3.1667,hippo,transfer,3,42.817,3
60,190,3.1667,hippo,transfer,4,50.567,3
60,190,3.1667,hippo,transfer,5,36.417,3
60,190,3.1667,hippo,transfer,6,78.367,3
60,190,3.1667,hippo,transfer,7,42.75,3
60,190,3.1667,hippo,transfer,8,43.8,3
60,190,3.1667,hippo,transfer,9,50.033,3
60,190,3.1667,hippo,transfer,72,51.517,3
60,190,3.1667,rand_complex,recovery,1,54.15,3
60,190,3.1667,rand_complex,recovery,2,51.333,3
60,190,3.1667,rand_complex,recovery,3,44.717,3
60,190,3.1667,rand_complex,recovery,4,36.8,3
60,190,3.1667,rand_complex,recovery,5,44.3,3
60,190,3.1667,rand_complex,recovery,6,46.183,3
60,190,3.1667,rand_complex,recovery,7,63.267,3
60,190,3.1667,rand_complex,recovery,8,45.317,3
60,190,3.1667,rand_complex,recovery,9,46.583,3
60,190,3.1667,rand_complex,recovery,72,55.1,3
60,190,3.1667,rand_complex,transfer,1,38.5,3
60,190,3.1667,rand_complex,transfer,2,33.433,3
60,190,3.1667,rand_complex,transfer,3,35.517,3
60,190,3.1667,rand_complex,transfer,4,34.383,3
60,190,3.1667,rand_complex,transfer,5,37.617,3
60,190,3.1667,rand_complex,transfer,6,33.95,3
60,190,3.1667,rand_complex,transfer,7,35.283,3
60,190,3.1667,rand_complex,transfer,8,33.8,3
60,190,3.1667,rand_complex,transfer,9,33.383,3
60,190,3.1667,rand_complex,transfer,72,34.767,3
60,200,3.3333,hippo,recovery,1,42.7,3
60,200,3.3333,hippo,recovery,2,63.967,3
60,200,3.3333,hippo,recovery,3,66.967,3
60,200,3.3333,hippo,recovery,4,48.433,3
60,200,3.3333,hippo,recovery,5,54.133,3
60,200,3.3333,hippo,recovery,6,78.05,3
60,200,3.3333,hippo,recovery,7,64.817,3
60,200,3.3333,hippo,recovery,8,65.65,3
60,200,3.3333,hippo,recovery,9,67.867,3
60,200,3.3333,hippo,recovery,72,71.883,3
60,200,3.3333,hippo,transfer,1,33.2,3
60,200,3.3333,hippo,transfer,2,48.4,3
60,200,3.3333,hippo,transfer,3,42.55,3
60,200,3.3333,hippo,transfer,4,49.7,3
60,200,3.3333,hippo,transfer,5,35.85,3
60,200,3.3333,hippo,transfer,6,75.033,3
60,200,3.3333,hippo,transfer,7,43.6,3
60,200,3.3333,hippo,transfer,8,46.867,3
60,200,3.3333,hippo,transfer,9,49.1,3
60,200,3.3333,hippo,transfer,72,49.267,3
60,200,3.3333,rand_complex,recovery,1,52.633,3
60,200,3.3333,rand_complex,recovery,2,48.75,3
60,200,3.3333,rand_complex,recovery,3,43.633,3
60,200,3.3333,rand_complex,recovery,4,35.95,3
60,200,3.3333,rand_complex,recovery,5,43.617,3
60,200,3.3333,rand_complex,recovery,6,45.633,3
60,200,3.3333,rand_complex,recovery,7,57.717,3
60,200,3.3333,rand_complex,recovery,8,43.783,3
60,200,3.3333,rand_complex,recovery,9,55.567,3
60,200,3.3333,rand_complex,recovery,72,52.867,3
60,200,3.3333,rand_complex,transfer,1,36.233,3
60,200,3.3333,rand_complex,transfer,2,33.433,3
60,200,3.3333,rand_complex,transfer,3,34.717,3
60,200,3.3333,rand_complex,transfer,4,34.2,3
60,200,3.3333,rand_complex,transfer,5,36.083,3
60,200,3.3333,rand_complex,transfer,6,33.95,3
60,200,3.3333,rand_complex,transfer,7,34.917,3
60,200,3.3333,rand_complex,transfer,8,33.75,3
60,200,3.3333,rand_complex,transfer,9,33.75,3
60,200,3.3333,rand_complex,transfer,72,34.1,3
